{"cameraMode":{"drawMode":0,"name":"Shaded","section":"Shading Mode"},"sceneLighting":false,"audioPlay":false,"sceneViewState":{"showFog":true,"showMaterialUpdate":false,"showSkybox":true,"showFlares":true,"showImageEffects":true,"showParticleSystems":true},"in2DMode":false,"pivot":{"x":-73.39396667480469,"y":3.015986919403076,"z":24.3756103515625},"rotation":{"x":-0.029536638408899308,"y":-0.9144635200500488,"z":0.06788796186447144,"w":-0.3978772759437561},"size":14.176990509033204,"orthographic":false}