{"cameraMode":{"drawMode":0,"name":"Shaded","section":"Shading Mode"},"sceneLighting":false,"audioPlay":false,"sceneViewState":{"showFog":true,"showMaterialUpdate":false,"showSkybox":true,"showFlares":true,"showImageEffects":true,"showParticleSystems":true},"in2DMode":false,"pivot":{"x":-2.876072406768799,"y":0.6408697962760925,"z":0.8301244974136353},"rotation":{"x":-0.005306009668856859,"y":-0.988077700138092,"z":0.149941548705101,"w":-0.03498172387480736},"size":4.238833904266357,"orthographic":false}