{"cameraMode":{"drawMode":0,"name":"Shaded","section":"Shading Mode"},"sceneLighting":false,"audioPlay":false,"sceneViewState":{"showFog":true,"showMaterialUpdate":false,"showSkybox":true,"showFlares":true,"showImageEffects":true,"showParticleSystems":true},"in2DMode":false,"pivot":{"x":-60.091495513916019,"y":7.282206058502197,"z":17.845195770263673},"rotation":{"x":0.07831133157014847,"y":-0.4939996898174286,"z":0.044735297560691836,"w":0.8647834658622742},"size":11.72787094116211,"orthographic":false}